key,mean,sd
attendance_rate,0.7958006872852236,0.13646171095303133
avg_quiz_score,82.61580756013744,11.748148539548549
attendance_entropy,0.5479487972508597,0.34394573548604207
meals_program,0.3951890034364261,0.488891250688075
target_mean,62.802749140893404,11.620747797960554
