key,mean,sd
attendance_rate,0.8267697594501722,0.130465638902764
avg_quiz_score,86.39587628865975,10.705224830198928
attendance_entropy,0.5183034364261164,0.33345646225837017
meals_program,0.36769759450171824,0.4821784664409721
target_mean,57.45807560137457,12.303377085403202
